surface,chambres,salles_de_bain,kitchen,etage,annee,localisation,piscine,garage,balcon,terrasse,parking,gardien,ascenseur,jardin,belle_vue,prix_DH
152,4,1,1,7,2000,Casablanca,1,1,1,0,1,0,1,0,0,2536956.0
326,1,4,2,5,2023,Marrakech,1,0,1,1,0,1,1,0,0,3532741.0
293,1,3,1,2,1986,Tanger,1,1,0,0,0,0,1,0,0,3092825.0
84,6,1,2,1,2019,Agadir,0,1,1,0,1,0,0,0,0,1144114.0
353,6,3,2,8,2019,Agadir,0,0,1,0,0,0,0,1,1,3566823.0
178,4,4,2,2,1996,Rabat,0,0,0,0,1,0,0,0,1,2572234.0
111,5,3,2,7,2001,Casablanca,0,1,1,0,0,0,0,0,0,1888068.0
228,1,4,1,3,2009,El Jadida,1,0,1,1,0,0,0,0,0,2339956.0
111,1,1,2,3,2009,Casablanca,0,1,1,1,0,1,0,1,0,1764484.0
186,6,1,1,2,2021,Meknes,0,0,1,0,0,0,0,0,1,1688667.0
162,5,1,2,0,1981,Marrakech,0,1,1,0,1,1,0,0,1,1950141.0
172,1,3,2,7,1984,Marrakech,0,0,1,1,0,0,1,1,0,1895596.0
395,3,3,1,3,2011,Casablanca,1,0,1,0,0,0,0,1,0,5598614.0
193,2,4,1,3,1981,Agadir,0,0,1,0,1,1,0,0,0,1796062.0
103,1,4,2,0,1987,Agadir,0,0,1,1,0,0,0,1,0,1056532.0
210,4,1,2,4,1999,El Jadida,0,0,0,1,1,0,0,1,0,2169214.0
279,5,3,2,7,2006,Marrakech,0,1,0,0,0,1,0,0,0,2921837.0
55,3,4,1,4,2003,El Jadida,0,0,1,0,1,0,1,1,0,960343.0
67,1,2,1,5,1982,Agadir,0,1,0,0,1,0,0,0,0,608049.0
219,2,3,2,8,2003,El Jadida,0,0,1,0,1,0,0,0,0,2245600.0
141,2,2,2,6,2001,Meknes,0,1,0,0,0,1,1,1,0,1399819.0
109,4,4,1,6,1983,Agadir,0,1,1,0,1,1,0,0,1,1401452.0
169,3,4,2,6,2005,Oujda,1,0,0,0,1,1,1,1,0,1776269.0
321,5,3,2,4,2001,Tanger,0,1,1,1,1,0,1,1,0,3817820.0
253,2,2,2,4,2018,Marrakech,0,1,0,1,0,0,0,1,0,2876351.0
53,2,1,2,3,2003,Rabat,0,0,1,0,0,0,0,0,1,885208.0
334,5,4,1,1,2014,Meknes,0,0,1,0,1,1,0,0,0,2703432.0
213,2,1,1,7,2014,Fes,0,1,1,0,1,0,0,0,0,1827063.0
266,3,1,2,0,1999,Tanger,0,1,0,1,1,0,1,1,0,2976849.0
193,5,1,1,8,2000,Rabat,0,0,0,1,1,1,0,0,0,2755757.0
284,3,2,1,8,1989,Agadir,0,0,0,0,1,0,0,1,0,2589275.0
370,6,4,1,6,2004,Fes,0,1,0,0,1,0,1,1,0,3246912.0
222,5,2,2,9,1999,Casablanca,1,1,0,0,1,0,0,1,0,3602204.0
278,4,3,1,3,1997,Casablanca,1,1,1,0,1,0,0,0,0,4159629.0
321,6,4,2,4,1987,Meknes,1,0,1,1,1,0,0,0,1,2809233.0
269,5,1,2,2,1985,Casablanca,0,0,0,0,0,0,1,1,0,3721969.0
114,2,4,1,0,1990,Fes,0,1,0,0,0,0,0,1,1,1200969.0
182,6,3,1,6,2016,Fes,0,0,1,1,1,1,0,1,0,2009117.0
337,2,4,1,7,2018,Tanger,0,0,0,0,0,0,0,0,0,3543768.0
115,3,3,1,5,2013,Marrakech,0,0,1,0,0,0,0,0,0,1408431.0
296,2,3,1,4,2008,Oujda,1,0,1,1,1,0,0,1,0,2339854.0
298,3,2,2,7,1983,El Jadida,1,1,0,0,1,1,1,1,1,3264234.0
141,2,1,2,4,1985,Casablanca,1,1,1,1,1,0,1,0,0,2330567.0
162,3,1,2,7,2001,Meknes,0,0,1,0,1,1,1,0,0,1396981.0
288,4,1,2,9,2017,Casablanca,0,1,1,1,1,0,1,1,1,4579911.0
117,2,3,1,1,2015,El Jadida,0,0,0,0,1,1,0,0,0,1335028.0
364,5,2,1,8,2012,Tanger,1,1,1,0,0,1,0,1,0,4216698.0
124,4,3,2,5,2009,Fes,1,0,0,0,1,1,0,1,0,1578393.0
324,4,1,2,0,1991,Agadir,1,0,1,0,1,0,0,1,0,2996901.0
150,1,1,1,7,2017,Casablanca,0,1,0,0,0,1,0,0,1,2363012.0
84,1,4,2,5,2008,Marrakech,1,0,1,1,1,0,0,0,0,1242489.0
345,6,4,1,5,2012,Agadir,0,0,1,0,1,0,0,0,1,3477380.0
183,3,3,1,7,2021,Tanger,1,0,0,0,0,0,1,1,1,2578988.0
172,2,1,2,5,1992,Casablanca,1,0,1,1,0,1,1,0,0,2656101.0
144,3,3,2,3,2005,Agadir,0,1,1,0,1,0,0,0,1,1686026.0
160,4,3,2,3,1983,Casablanca,0,1,0,0,1,1,1,1,0,2727178.0
316,1,2,1,4,2005,Meknes,0,1,0,0,1,0,0,1,0,2318394.0
74,2,3,2,1,1986,Tanger,0,0,1,1,1,1,1,0,0,940257.0
393,1,1,1,5,2005,Oujda,1,0,1,0,1,0,1,0,0,2689121.0
264,3,3,2,2,2011,Fes,0,0,1,0,1,1,0,0,0,2240464.0
162,2,2,2,2,1983,Rabat,1,0,0,1,1,0,0,1,1,2485783.0
370,1,3,1,7,2002,Fes,0,1,1,0,1,0,1,1,1,3243577.0
127,6,3,2,3,2016,Fes,1,1,1,1,1,0,0,1,0,1857368.0
352,5,4,1,9,1981,Agadir,0,1,0,1,0,0,0,1,0,3378912.0
329,1,2,2,7,2002,Tanger,0,1,1,1,1,0,0,1,0,3556421.0
158,2,3,1,5,1997,Casablanca,0,0,1,1,1,0,0,1,1,2566379.0
76,1,3,2,7,2013,Rabat,0,0,1,0,1,0,0,1,1,1409599.0
341,3,2,1,4,1990,El Jadida,0,1,0,1,1,0,0,0,0,3208427.0
338,2,4,1,3,1998,Agadir,0,1,1,0,1,0,1,1,0,3302751.0
91,1,3,1,2,2016,Rabat,1,0,1,1,1,0,0,0,0,1539636.0
352,4,2,2,7,1998,Oujda,0,0,0,0,0,1,0,1,0,2513480.0
331,5,2,2,6,1993,Meknes,1,0,1,1,1,0,0,1,0,2806884.0
152,1,2,1,7,2014,Tanger,0,1,0,0,1,0,0,0,0,1805508.0
210,5,2,2,1,2014,El Jadida,0,1,0,0,0,0,0,0,0,2226803.0
367,5,4,1,7,2023,Agadir,0,0,1,0,0,1,1,0,1,3630792.0
202,1,1,2,8,1994,Fes,0,0,1,0,0,1,0,0,0,1495610.0
60,6,1,2,8,1986,Marrakech,0,1,0,0,1,0,1,1,1,1247768.0
311,5,1,2,6,1988,Agadir,0,0,1,1,0,0,1,0,1,2926856.0
169,5,3,1,8,1983,Marrakech,0,1,0,1,1,0,0,0,0,1998927.0
275,4,3,2,7,1984,Fes,1,0,0,1,0,0,1,0,0,2515510.0
164,2,3,2,7,2013,Meknes,0,0,0,0,0,1,1,1,0,1546890.0
237,5,3,1,9,2010,Tanger,0,1,1,0,1,0,0,0,1,2910024.0
273,5,2,1,0,2020,Casablanca,0,1,0,0,0,1,0,0,0,4049449.0
271,5,1,2,3,1999,Agadir,0,1,1,0,1,0,0,0,1,2610925.0
355,6,4,1,3,2014,Fes,0,1,1,0,1,0,0,1,1,3348914.0
148,5,1,1,6,2008,Agadir,0,1,1,0,1,1,0,1,0,1761598.0
70,5,3,2,5,1998,Oujda,0,0,1,0,1,1,1,0,0,935892.0
121,4,2,1,0,2008,Meknes,0,0,0,0,1,1,1,0,0,1222364.0
95,1,2,2,6,1996,Oujda,0,1,1,1,1,0,0,0,0,968141.0
387,6,3,1,5,2011,Rabat,0,0,0,0,0,0,1,1,0,5199746.0
129,6,2,2,3,2012,Tanger,0,1,1,0,1,0,1,1,0,1945270.0
223,2,2,1,1,2021,Rabat,1,1,0,0,1,0,1,0,0,3167868.0
313,2,4,2,3,1986,Agadir,0,0,1,0,1,1,1,0,0,2920610.0
74,5,3,2,2,2015,El Jadida,0,0,1,1,1,1,0,1,0,1327754.0
108,3,4,2,2,2014,El Jadida,0,1,1,0,1,0,0,0,0,1441689.0
201,2,1,1,8,2015,Tanger,1,1,0,0,0,0,0,1,0,2452906.0
180,5,2,2,4,1994,Meknes,0,0,1,0,1,0,0,0,1,1585306.0
160,6,4,1,8,1999,Meknes,0,1,1,0,1,0,0,0,1,1748024.0
350,3,2,1,5,1993,Fes,0,1,0,1,1,0,0,1,0,2935227.0
224,5,4,1,0,2023,Agadir,0,0,1,0,1,0,1,1,1,2496722.0
50,3,2,1,4,1984,Rabat,1,0,0,1,1,0,1,1,0,1022776.0
227,4,2,2,6,2024,El Jadida,1,0,0,1,1,0,1,1,0,2744671.0
224,2,1,1,6,2005,Oujda,0,1,1,0,0,0,1,0,0,1669901.0
191,5,4,1,8,2005,Casablanca,0,1,0,1,0,0,0,1,1,3235051.0
373,2,1,2,3,2017,Marrakech,0,0,0,1,0,0,0,0,0,3638905.0
192,5,3,2,8,2012,Casablanca,0,1,1,1,1,0,0,0,0,3215318.0
331,2,2,2,4,2008,Rabat,0,1,1,0,1,0,0,0,0,4349946.0
330,4,3,1,3,2000,Rabat,0,1,1,0,1,0,0,0,0,4384059.0
155,4,2,2,1,1992,Meknes,0,1,1,0,1,0,0,1,0,1497370.0
221,5,2,1,6,2001,Casablanca,0,0,1,1,1,0,0,0,0,3294242.0
203,3,1,2,1,2003,Meknes,0,1,0,1,1,0,0,1,0,1706794.0
199,5,3,1,6,2011,Meknes,0,1,0,1,1,1,0,0,0,1921176.0
174,1,1,1,6,2003,Oujda,1,1,0,0,1,1,1,0,1,1563961.0
245,5,1,2,1,1984,El Jadida,1,0,1,0,1,1,0,1,1,2666935.0
221,2,2,1,2,2013,Tanger,0,1,1,1,0,0,0,1,0,2566957.0
61,1,4,2,7,1999,El Jadida,0,1,1,0,1,0,0,1,0,948495.0
133,6,2,2,7,2018,Marrakech,0,0,1,1,1,1,1,1,0,1925984.0
380,3,4,2,6,2005,Casablanca,0,0,0,0,0,0,1,0,1,5399065.0
131,5,3,2,7,2021,El Jadida,0,0,0,1,1,0,1,0,0,1751026.0
74,2,1,1,5,2012,Tanger,0,1,0,0,1,0,0,1,0,1081524.0
74,4,1,2,3,1997,Fes,0,0,1,1,1,0,0,0,1,939046.0
227,5,3,2,8,2002,Casablanca,0,1,1,1,1,0,1,0,0,3536985.0
322,5,3,2,3,2008,Tanger,0,0,1,1,0,0,1,0,0,3586073.0
135,5,2,1,1,2006,Meknes,0,0,1,0,1,0,0,0,0,1265457.0
230,2,1,1,3,1996,Rabat,1,0,1,0,1,0,1,1,0,3084865.0
91,5,2,1,0,2020,Oujda,1,0,0,0,1,1,0,1,0,1183752.0
333,3,3,2,7,2001,Marrakech,0,0,1,0,1,0,0,0,1,3473848.0
158,3,4,1,7,1996,Tanger,0,0,1,1,1,0,0,1,1,2078258.0
310,5,2,2,7,1989,El Jadida,1,1,0,1,0,0,0,1,1,3446409.0
218,1,2,1,1,1989,Rabat,0,1,0,0,1,0,0,0,1,2878811.0
320,1,4,2,6,1988,El Jadida,0,1,1,0,0,1,1,1,0,3082972.0
81,6,3,1,0,1991,Casablanca,0,1,0,0,0,0,0,0,1,1563650.0
135,6,3,1,5,2007,Tanger,1,1,1,0,0,1,0,0,0,2092520.0
233,3,3,2,2,2002,El Jadida,0,0,0,0,1,0,1,1,0,2464271.0
153,3,4,2,9,2013,Agadir,0,0,0,0,1,0,0,0,1,1739755.0
69,3,4,1,6,1985,Rabat,0,0,1,0,0,0,0,0,0,1075414.0
251,6,2,2,8,2024,Fes,1,0,1,0,1,0,0,0,0,2538203.0
208,4,4,1,0,1998,Rabat,1,1,0,0,0,0,0,1,0,3085626.0
232,1,2,1,3,2007,El Jadida,0,0,0,0,1,0,0,1,0,2188389.0
186,2,4,1,8,1989,El Jadida,0,1,1,0,1,0,0,0,1,2100437.0
351,2,3,1,4,1999,Marrakech,0,1,1,1,1,0,0,0,0,3493889.0
365,4,4,1,3,2003,Fes,0,1,1,1,1,1,0,0,0,3133438.0
231,2,1,1,5,2023,Oujda,1,0,1,0,1,0,0,0,1,1980348.0
252,4,4,1,6,2000,Marrakech,1,1,1,0,0,1,0,1,0,2923443.0
394,5,4,2,8,2020,Casablanca,1,0,1,1,1,0,0,1,0,6073927.0
226,1,2,2,5,2013,Fes,0,1,0,0,1,0,0,0,0,1887490.0
393,6,4,1,9,2014,Tanger,1,0,1,1,1,0,0,0,1,4635476.0
217,2,4,2,0,1981,Agadir,1,1,0,0,1,1,0,0,0,2166570.0
246,3,3,2,9,1987,Marrakech,0,0,1,0,0,0,0,0,1,2618128.0
312,3,1,1,1,2022,Agadir,0,1,1,1,0,0,1,0,0,2958818.0
295,3,4,1,6,1995,Casablanca,0,1,1,0,1,0,0,0,1,4329828.0
245,1,4,2,9,1984,Casablanca,0,1,1,0,1,0,0,0,0,3498853.0
262,2,2,1,9,2000,Oujda,1,1,0,0,0,0,1,0,0,2111124.0
157,3,2,1,2,2012,Casablanca,1,0,1,0,1,1,0,1,0,2636674.0
392,3,4,2,8,2017,El Jadida,0,1,0,0,0,0,1,0,1,4001110.0
183,3,3,1,1,2017,Rabat,0,1,1,0,0,0,1,0,1,2788328.0
151,6,4,1,2,1982,Rabat,0,0,1,0,0,0,0,1,0,2228975.0
366,4,4,1,8,2012,Oujda,0,1,1,1,1,0,1,0,0,2843711.0
174,6,2,1,7,1995,El Jadida,0,0,1,0,0,0,0,1,0,1867632.0
250,5,1,2,2,1996,Rabat,1,0,1,0,1,0,0,1,0,3541918.0
357,5,2,2,4,2017,Tanger,0,0,1,0,1,0,0,0,0,3920453.0
306,6,2,2,8,1997,El Jadida,0,1,1,1,1,0,0,0,1,3326557.0
340,5,4,2,0,1992,Meknes,0,0,1,0,0,1,0,0,1,2654577.0
282,1,4,1,0,2020,Agadir,0,0,0,0,1,0,1,0,0,2580241.0
94,1,4,2,2,1991,El Jadida,0,0,1,0,1,0,0,0,0,965150.0
373,6,1,1,3,1997,Agadir,1,0,1,0,1,0,0,0,0,3497788.0
251,2,3,1,9,1993,Tanger,0,0,0,0,0,1,0,1,0,2594645.0
370,5,3,2,4,2000,Meknes,0,1,1,0,1,0,0,0,1,2982721.0
122,5,2,2,1,2011,Fes,0,0,0,0,1,0,0,0,0,1169660.0
205,5,3,2,4,1980,Oujda,0,1,1,0,1,0,1,0,0,1764101.0
343,5,4,2,3,1991,El Jadida,0,1,1,0,1,0,0,1,1,3512135.0
311,3,1,1,4,2009,Oujda,1,0,1,1,1,0,0,0,1,2368451.0
108,6,4,1,5,1983,Casablanca,0,1,1,1,1,0,0,0,0,1940524.0
70,4,3,1,3,1980,Agadir,0,1,1,0,1,0,0,0,0,803895.0
298,2,3,1,6,2000,Agadir,1,0,0,0,1,0,0,0,0,2730073.0
233,4,1,2,9,1991,Casablanca,0,0,1,1,0,0,0,0,0,3307783.0
265,3,3,2,8,1996,Fes,0,0,1,0,0,0,0,1,1,2325254.0
274,3,3,2,2,1984,Marrakech,0,0,0,1,1,0,0,0,1,2872688.0
175,5,4,2,1,2020,El Jadida,0,1,0,1,0,0,0,1,1,2293754.0
50,5,1,2,7,1984,Agadir,0,0,0,0,1,0,0,1,0,765808.0
124,3,4,1,1,2024,Agadir,0,0,1,1,1,0,0,1,1,1591622.0
339,3,4,1,7,2006,Marrakech,1,0,0,0,1,1,1,0,0,3632863.0
80,1,3,1,9,1989,Casablanca,0,0,0,0,1,1,0,1,0,1290226.0
339,2,4,2,8,1991,Marrakech,0,1,1,0,0,0,0,0,0,3443854.0
374,4,1,2,8,1980,Agadir,1,0,0,0,0,0,0,0,0,3234539.0
267,5,1,2,8,1989,Casablanca,1,1,0,1,1,1,0,0,1,4213086.0
389,3,3,2,4,2021,Marrakech,1,1,1,0,1,1,0,0,1,4291680.0
278,5,4,1,1,1995,Fes,0,0,0,0,0,0,1,0,0,2317370.0
341,2,3,2,5,2023,Casablanca,1,0,1,0,1,1,0,0,0,4961709.0
123,6,1,1,5,2003,El Jadida,0,0,0,1,0,0,0,1,0,1485567.0
277,2,4,2,5,1980,Agadir,0,0,0,0,0,1,1,0,0,2428297.0
273,5,1,1,6,1986,Tanger,0,1,1,1,1,0,0,1,0,3044819.0
274,1,4,2,5,1983,Oujda,0,0,0,0,1,1,0,0,0,1838390.0
380,4,2,1,0,2005,Agadir,1,1,0,0,1,1,0,0,0,3485314.0
370,1,3,2,5,2003,El Jadida,0,0,1,0,1,0,0,1,1,3505547.0
275,5,2,1,4,1985,Rabat,0,0,1,0,1,1,1,0,1,3769034.0
284,4,1,1,1,1990,Oujda,0,0,1,0,1,0,0,0,1,2045161.0
360,6,2,2,9,1985,Agadir,1,0,0,0,0,0,0,0,1,3450972.0
57,6,4,2,0,2022,Oujda,0,1,1,0,1,1,1,0,0,1133431.0
265,2,4,2,1,1987,Meknes,0,1,1,0,0,1,0,1,0,2014030.0
83,3,1,2,8,2008,Agadir,0,0,1,1,1,0,0,0,0,1086234.0
131,4,1,2,0,2005,Casablanca,0,1,1,1,1,1,1,0,1,2232191.0
270,4,1,2,7,2000,Casablanca,0,0,1,1,0,0,0,0,0,3791955.0
165,5,1,2,8,1998,Meknes,0,1,0,1,1,0,0,1,0,1448928.0
238,4,2,1,7,2003,Fes,0,1,0,0,1,0,1,1,0,2187214.0
187,6,1,1,3,1982,Meknes,0,1,1,1,0,0,0,0,0,1547207.0
79,6,1,1,2,1993,Meknes,1,1,0,0,1,0,0,1,0,1183368.0
81,3,2,1,8,1996,Oujda,0,1,1,0,1,0,0,1,0,900772.0
266,3,4,1,8,2003,Marrakech,1,1,1,0,1,1,0,1,1,3291090.0
294,3,1,1,0,1991,Casablanca,0,1,1,1,1,0,0,0,1,4141307.0
92,4,3,2,9,2012,Marrakech,0,1,1,0,0,0,0,1,0,1442941.0
62,6,3,1,9,2004,Meknes,1,1,1,0,1,0,0,0,0,1164048.0
321,3,3,2,3,1995,Fes,1,1,1,1,1,0,0,0,0,2730424.0
82,6,2,2,8,1998,Casablanca,0,1,1,1,0,0,0,1,0,1705863.0
177,6,1,2,3,2008,Agadir,0,0,0,1,1,0,1,0,0,1849114.0
268,1,4,1,2,1989,Agadir,0,0,0,0,1,1,0,1,0,2410966.0
69,3,1,2,3,2023,Agadir,0,1,1,0,0,0,0,0,0,945897.0
108,4,2,1,3,1980,El Jadida,1,1,0,1,0,1,0,0,0,1464189.0
333,1,1,1,3,1986,Oujda,0,1,0,1,0,1,0,0,1,2226822.0
293,3,1,1,8,2007,Rabat,0,0,1,0,0,1,0,0,0,3772282.0
217,1,1,1,3,2012,Meknes,0,1,1,1,1,0,0,0,1,1845484.0
368,5,4,2,2,1989,Rabat,0,1,0,1,0,0,1,0,0,4924600.0
333,1,2,1,8,1997,Tanger,0,1,0,1,0,0,0,0,0,3354547.0
234,5,4,2,6,2022,Oujda,0,0,1,0,1,0,0,1,1,2105324.0
182,1,2,2,4,1986,Agadir,0,0,1,0,1,0,0,0,1,1662425.0
393,1,1,1,6,2011,Casablanca,0,0,1,1,1,0,0,1,0,5441776.0
88,6,1,2,4,2021,Oujda,0,1,1,0,1,1,0,0,0,1121889.0
94,1,3,2,4,1981,El Jadida,0,0,1,0,1,0,0,0,1,913526.0
164,4,2,1,9,2007,Casablanca,0,1,1,1,1,0,0,0,0,2673818.0
244,2,4,1,9,1980,Marrakech,0,1,1,0,1,0,0,0,0,2524328.0
344,2,1,1,4,2005,El Jadida,0,1,1,0,1,0,1,0,0,3332208.0
193,1,2,2,8,1980,Marrakech,0,0,1,1,1,0,0,0,0,1946842.0
320,3,3,1,8,2019,Casablanca,1,1,1,1,1,1,0,0,0,4903170.0
382,5,2,1,3,2008,Agadir,0,1,1,1,1,1,0,0,0,3623798.0
171,3,4,1,1,1988,Rabat,1,0,0,0,1,0,0,0,0,2416191.0
258,3,1,1,6,2007,Meknes,1,0,0,0,0,0,0,0,0,2072522.0
111,2,4,2,5,1995,Oujda,0,1,1,1,1,0,0,1,1,1245612.0
395,2,2,2,0,2017,Oujda,0,0,0,1,1,0,0,1,0,2820964.0
327,2,3,1,3,2011,Agadir,0,1,1,0,1,0,1,1,1,3244368.0
54,4,4,2,1,1985,Meknes,0,1,1,0,1,0,1,0,0,820577.0
305,6,4,1,3,1991,Marrakech,0,0,0,0,0,1,1,0,1,3308034.0
353,5,3,2,5,2010,Rabat,0,0,0,1,0,0,0,0,0,4659275.0
187,3,1,2,2,2022,Meknes,0,1,1,0,0,0,0,0,0,1429642.0
99,4,2,1,9,1999,Marrakech,0,0,0,0,1,0,1,0,0,1208110.0
392,1,3,1,8,2020,Meknes,1,0,0,0,1,1,1,0,0,3099042.0
345,6,4,2,5,1982,Tanger,0,0,0,0,0,0,1,0,1,3734099.0
348,6,4,2,7,2005,Oujda,1,0,0,0,1,1,0,0,1,2878222.0
122,3,3,2,4,2021,Tanger,0,0,0,0,0,1,0,0,0,1573800.0
322,2,2,1,2,1990,Meknes,0,1,1,0,1,0,1,0,0,2352430.0
241,5,2,2,9,2018,El Jadida,0,1,1,0,1,0,0,1,0,2704297.0
327,2,3,1,4,2017,Oujda,0,1,1,1,1,0,0,0,0,2367182.0
275,1,2,1,8,1997,Rabat,0,0,0,1,1,0,0,0,0,3544155.0
268,5,2,1,8,1991,Agadir,0,0,1,0,1,0,0,0,1,2622097.0
237,2,2,1,5,1983,Tanger,0,0,0,1,1,0,1,0,0,2403744.0
295,2,4,2,5,1987,Agadir,0,1,0,1,0,0,0,0,0,2768969.0
62,5,3,2,1,1999,Marrakech,0,1,1,0,1,1,1,0,0,1236359.0
377,3,2,1,6,2016,El Jadida,0,0,1,0,1,0,0,0,0,3535248.0
143,5,4,1,0,2019,Marrakech,0,0,1,0,1,0,0,0,0,1791149.0
50,4,3,1,1,1995,Fes,0,1,0,1,1,1,1,0,0,916455.0
220,1,1,2,9,2008,Marrakech,0,0,0,1,1,0,0,1,1,2399252.0
188,1,1,1,1,2019,Marrakech,0,1,0,0,1,0,0,0,0,1868865.0
107,5,4,2,0,2020,Oujda,0,1,0,1,1,0,0,1,0,1292950.0
146,4,4,2,1,1983,El Jadida,1,1,1,0,1,0,0,0,1,1889214.0
59,3,3,2,4,1982,El Jadida,0,1,1,1,1,0,0,0,0,887759.0
181,1,2,1,1,2009,Rabat,0,0,0,0,1,0,1,0,0,2397753.0
74,5,4,1,9,1984,Marrakech,0,1,1,1,1,1,0,0,0,1203797.0
89,2,2,1,3,1987,El Jadida,0,0,1,0,1,1,0,1,1,1207319.0
237,3,2,1,6,2005,Casablanca,0,0,1,1,1,0,1,0,1,3646105.0
211,4,1,2,0,2001,Rabat,0,0,1,0,1,0,0,0,0,2834678.0
66,6,2,1,0,2017,Casablanca,0,1,0,1,1,0,0,0,0,1377069.0
294,3,4,2,4,2001,Casablanca,1,1,0,0,1,1,0,0,0,4380979.0
68,3,3,2,2,1996,Agadir,0,1,0,0,1,0,0,0,0,825885.0
337,4,1,2,9,1993,Meknes,0,1,1,0,1,0,1,1,0,2698445.0
185,3,3,1,6,2024,Casablanca,0,1,1,1,1,1,1,1,1,3299061.0
270,4,2,1,6,1984,Agadir,1,0,1,1,0,0,0,1,0,2654970.0
55,3,3,1,9,1990,Marrakech,0,0,1,1,1,0,0,0,1,940971.0
199,3,1,1,9,1982,Casablanca,0,1,1,0,1,1,1,0,0,2989617.0
330,4,2,1,7,2004,Meknes,0,0,0,1,0,1,1,1,1,2774682.0
60,5,1,2,6,1996,El Jadida,0,0,0,0,1,1,0,0,1,960879.0
288,2,4,2,3,2018,Fes,1,1,1,0,0,1,0,1,1,2817553.0
190,6,3,1,0,2015,Tanger,0,0,1,0,1,0,1,1,0,2439453.0
342,5,3,1,3,1998,Agadir,0,1,1,0,1,0,0,0,1,3273125.0
195,5,2,2,2,2002,Fes,0,1,0,1,1,0,1,1,0,1999019.0
197,1,4,2,1,1997,Agadir,1,0,1,1,1,0,1,0,0,2069102.0
117,3,2,2,2,2000,Tanger,0,1,1,0,1,0,0,0,0,1487902.0
390,4,3,2,1,1991,Meknes,1,0,0,1,1,0,0,0,1,3137141.0
345,2,3,1,2,1991,Rabat,1,0,0,0,1,1,0,1,1,4719183.0
274,5,4,1,5,2021,Tanger,0,0,1,1,0,1,0,1,0,3265227.0
61,1,4,2,8,1989,Oujda,1,1,1,0,1,0,1,1,0,1000235.0
174,5,2,2,4,1997,Fes,1,0,0,1,0,0,0,0,0,1729895.0
266,1,1,2,3,1997,Casablanca,0,1,0,1,0,0,1,0,1,3824622.0
136,6,1,1,0,2020,Marrakech,0,1,1,0,1,1,0,0,1,1898497.0
322,4,3,2,5,2002,Oujda,0,0,0,0,1,0,0,0,0,2254987.0
178,4,4,1,6,2003,Casablanca,0,1,1,0,1,0,0,1,0,2831708.0
389,6,4,1,2,2012,Casablanca,0,1,1,0,0,0,0,0,0,5537906.0
237,1,2,2,3,2024,El Jadida,0,1,1,0,1,0,0,0,1,2516973.0
260,3,4,1,6,1993,Agadir,1,1,0,0,1,0,0,0,1,2716929.0
101,6,3,2,6,1990,El Jadida,0,0,0,0,1,0,0,0,0,1279059.0
318,1,1,2,5,1983,Tanger,0,0,1,0,0,1,1,0,0,3096309.0
213,6,2,1,0,1982,Rabat,0,1,1,1,0,0,0,0,0,2887718.0
293,2,2,2,6,2004,Fes,0,0,0,1,1,0,0,0,0,2317009.0
53,1,4,1,5,2005,Casablanca,0,1,1,1,1,1,0,0,0,1075773.0
81,6,1,2,2,2010,Agadir,0,1,0,0,1,0,1,0,0,1202571.0
230,5,1,1,9,2005,Fes,0,1,0,1,1,0,0,0,0,2123488.0
82,2,1,2,5,2009,Tanger,1,0,1,0,1,1,0,0,0,1210582.0
220,2,4,2,4,2012,Rabat,0,1,1,1,1,0,1,1,0,3260521.0
74,1,1,1,6,2007,Oujda,0,1,1,1,0,0,0,1,0,660170.0
172,3,3,2,2,1985,El Jadida,0,0,0,0,1,1,0,1,1,1934081.0
185,5,3,2,8,1993,Tanger,0,1,1,1,1,0,0,1,0,2368100.0
355,4,1,1,9,1993,El Jadida,0,1,0,0,0,1,0,0,1,3483548.0
368,1,4,1,7,2006,Marrakech,0,1,0,0,1,0,1,0,0,3657715.0
197,6,2,1,1,1981,El Jadida,0,1,1,0,1,0,0,0,0,2027634.0
75,6,2,2,7,2020,Tanger,0,0,0,1,1,0,0,0,0,1244490.0
175,1,1,2,2,2013,Casablanca,0,1,0,0,1,1,0,0,0,2541925.0
377,4,3,1,5,2000,Rabat,0,1,1,1,1,0,0,0,0,4941723.0
362,3,1,2,1,2003,Tanger,0,1,1,0,1,1,0,0,0,3737502.0
139,5,1,1,6,1999,Casablanca,0,1,1,0,1,1,0,1,0,2345208.0
217,3,3,1,2,2012,Casablanca,1,0,1,0,1,0,1,1,0,3442994.0
394,2,1,1,6,1998,El Jadida,0,1,1,1,1,1,0,0,0,3769097.0
119,1,4,1,6,2010,Rabat,1,0,1,1,1,0,1,0,0,2082024.0
186,2,4,1,2,1984,Tanger,0,0,0,0,0,0,0,1,0,1933168.0
148,5,1,2,3,1992,Tanger,0,1,0,0,1,0,1,0,0,1828544.0
200,5,2,2,2,1984,Agadir,0,0,0,1,1,0,0,0,1,1911088.0
131,3,2,2,4,1998,Fes,0,1,1,0,0,0,0,1,0,1289346.0
319,1,3,2,3,1986,Agadir,1,0,0,1,0,1,0,0,0,2796967.0
55,2,3,2,8,1996,Tanger,0,1,1,1,1,1,1,0,1,1206632.0
103,6,3,2,2,1999,El Jadida,0,0,0,0,1,1,0,0,0,1360212.0
50,3,4,2,6,2023,Oujda,1,0,0,0,1,0,0,0,0,883706.0
97,3,4,1,2,1993,Tanger,0,0,1,0,0,1,0,0,1,1300136.0
341,3,2,1,8,2013,Marrakech,0,1,1,1,1,0,0,0,0,3563364.0
147,2,2,1,6,2010,Casablanca,1,1,1,1,1,0,0,0,0,2523069.0
321,2,2,2,0,2022,Meknes,0,1,0,0,1,0,0,0,0,2409050.0
65,3,1,1,7,1988,Tanger,0,1,1,0,0,0,1,1,1,1113583.0
146,1,4,2,3,1997,Marrakech,1,0,0,1,0,0,1,1,0,1817402.0
105,1,1,2,1,1992,Marrakech,0,0,0,0,0,0,1,0,1,1075738.0
312,6,2,2,0,1983,Fes,0,0,1,0,1,1,0,1,0,2659282.0
177,4,4,1,5,1987,Rabat,0,1,1,1,1,0,0,0,0,2475220.0
147,1,3,2,1,1996,Tanger,0,0,0,0,0,1,0,1,0,1592196.0
357,5,1,2,4,1980,Rabat,0,1,0,1,0,1,0,0,0,4585783.0
376,4,3,2,3,1993,Oujda,0,1,0,1,1,0,0,0,0,2681604.0
288,5,2,2,2,1997,El Jadida,0,1,0,1,1,0,0,0,0,2900500.0
179,2,1,2,6,2017,Meknes,0,0,1,0,1,1,0,0,0,1455855.0
81,2,3,1,8,1980,El Jadida,0,0,0,0,0,0,0,1,0,872118.0
356,4,4,2,8,2011,Marrakech,0,0,1,0,0,1,1,0,0,3759727.0
264,4,2,2,9,2012,Casablanca,0,0,1,1,1,0,1,0,1,4086068.0
367,1,4,1,0,2009,Casablanca,0,0,1,0,1,0,1,1,0,5220111.0
131,1,1,2,0,2008,Rabat,0,0,0,0,0,1,0,0,1,1787085.0
266,2,2,2,0,1997,El Jadida,0,1,0,0,1,0,0,0,0,2484776.0
203,3,4,2,3,1986,Marrakech,0,0,1,0,1,1,1,0,0,2319941.0
197,1,2,1,9,2005,Fes,0,1,1,1,1,0,0,0,0,1700084.0
98,4,2,2,0,1992,El Jadida,0,0,0,0,1,1,1,0,0,1102651.0
179,4,4,1,2,1991,Rabat,0,0,1,1,0,0,0,1,1,2647364.0
229,3,2,2,4,2019,Meknes,0,0,1,0,1,0,0,1,0,1969264.0
342,1,3,1,5,1996,Rabat,0,0,0,0,0,0,0,1,0,4242285.0
343,4,3,2,1,2020,Marrakech,0,1,0,0,1,1,1,0,0,3686228.0
68,2,4,1,9,2013,Tanger,1,1,1,1,1,0,0,1,0,1455458.0
261,4,1,2,5,2000,Fes,0,1,1,0,1,1,0,0,0,2279480.0
194,3,2,2,7,1989,Marrakech,0,1,1,1,1,0,0,0,0,2098807.0
353,2,3,2,8,2021,Fes,1,0,1,1,1,0,1,1,0,3211958.0
278,2,4,1,2,1997,Agadir,0,1,1,1,1,0,0,0,0,2633808.0
62,1,4,2,2,1997,Agadir,0,1,0,1,1,0,1,0,0,927343.0
62,3,1,1,9,2019,Casablanca,0,0,1,1,0,0,0,1,0,1351211.0
331,2,4,2,6,2019,Fes,0,0,1,0,1,0,0,1,0,2924478.0
304,4,1,2,0,1983,El Jadida,0,0,1,1,1,1,0,1,1,3024706.0
193,6,1,1,3,2019,Meknes,0,1,1,0,0,0,1,0,0,1846477.0
246,2,2,2,6,2021,Rabat,0,0,1,0,1,1,0,0,0,3317631.0
220,1,3,2,4,2008,Agadir,0,1,1,0,1,0,0,0,0,2142742.0
195,3,3,2,8,2013,Rabat,0,1,0,0,0,1,1,1,0,2935655.0
216,2,1,2,7,2014,Rabat,0,0,1,1,0,1,0,0,1,3023925.0
217,3,3,2,6,2003,Meknes,0,1,1,0,1,0,0,0,0,1907529.0
391,2,1,2,6,1991,Marrakech,0,1,0,1,0,0,1,0,0,3770567.0
382,3,2,1,1,1993,Rabat,1,1,0,0,1,1,0,0,0,4917182.0
315,2,1,1,6,1984,Fes,0,1,1,0,1,1,0,0,0,2458770.0
220,3,4,2,0,1992,Meknes,0,0,1,0,1,0,0,0,0,1693367.0
70,4,3,2,7,2002,Agadir,1,0,0,1,1,0,0,0,0,1191646.0
276,1,4,1,8,2024,Tanger,0,1,1,1,1,0,0,1,0,3248849.0
136,1,1,1,1,1998,Rabat,0,1,1,0,1,1,0,0,0,1838222.0
130,4,4,1,3,2017,Casablanca,1,1,0,1,1,1,0,1,0,2434806.0
259,1,2,2,2,2002,Meknes,0,1,1,0,1,0,0,1,0,1975524.0
178,2,3,1,6,2001,Marrakech,0,0,1,0,1,0,0,0,0,1830940.0
376,4,2,2,5,1988,Oujda,0,1,0,0,1,0,0,0,0,2590544.0
199,4,1,2,6,1983,Agadir,0,1,0,1,0,0,1,0,0,1817223.0
123,6,4,2,0,1983,Agadir,0,1,0,1,1,1,0,0,1,1699327.0
375,2,1,2,2,1982,Oujda,1,0,1,1,1,0,0,1,1,2685121.0
66,4,2,1,4,2011,Fes,0,1,1,1,0,0,0,1,1,1040141.0
157,1,4,1,3,1993,Tanger,1,0,1,1,1,0,0,1,1,2041858.0
71,3,3,1,2,1991,Agadir,0,0,0,1,1,0,0,1,0,819945.0
308,5,2,1,6,1989,Agadir,0,0,1,1,1,0,1,0,0,2924162.0
248,1,1,1,5,2002,Marrakech,1,0,0,0,1,0,0,0,0,2567920.0
323,6,2,1,4,2009,Agadir,0,1,1,0,0,1,1,0,0,3034382.0
51,6,1,1,4,2007,Meknes,0,0,0,1,1,1,0,1,1,1025295.0
275,5,3,2,9,2010,Fes,0,0,0,1,1,0,0,0,0,2447528.0
252,3,1,1,6,2010,Tanger,0,1,1,0,0,0,0,1,0,2810240.0
240,3,2,2,9,1984,Casablanca,0,1,0,0,1,0,0,1,0,3574770.0
267,5,1,1,9,2017,Tanger,0,1,1,0,1,1,1,0,0,3171268.0
371,6,3,2,9,2017,Fes,0,0,1,0,1,1,0,0,0,3250540.0
325,2,2,1,1,2008,El Jadida,0,1,0,0,1,1,1,1,0,3227286.0
63,5,1,1,8,2006,Meknes,0,1,0,0,1,0,0,1,0,899833.0
332,2,2,2,8,1988,El Jadida,0,0,0,1,1,0,0,0,0,3084290.0
253,6,1,2,6,2003,Fes,0,0,1,0,1,0,1,0,1,2401703.0
350,2,1,1,7,1989,Marrakech,0,0,0,1,1,1,1,0,0,3374741.0
348,5,3,1,9,1990,Casablanca,0,1,1,0,1,0,0,0,1,5167842.0
128,2,1,1,6,2011,Tanger,0,1,0,0,1,1,0,1,1,1742104.0
114,5,4,1,5,2003,Rabat,0,1,1,1,0,0,0,0,0,1847359.0
70,4,4,2,6,2018,Tanger,1,1,1,0,1,0,0,1,1,1712229.0
51,3,1,1,4,1997,Marrakech,0,0,1,0,1,0,0,0,1,756726.0
350,2,1,1,0,2015,Casablanca,1,1,0,0,0,1,0,1,0,4964719.0
221,3,2,1,2,2021,Meknes,1,1,0,1,0,0,1,1,0,2139508.0
141,4,1,2,1,2023,Fes,0,0,1,1,0,0,1,0,1,1511515.0
111,3,2,2,8,1992,Fes,0,1,1,1,1,0,0,0,1,1284968.0
382,6,1,2,9,2023,Meknes,0,0,1,0,1,1,0,1,1,3326220.0
247,3,4,2,0,2021,El Jadida,0,0,1,0,1,0,1,0,1,2722627.0
163,3,3,1,7,2013,Casablanca,1,0,0,0,1,0,1,1,1,2845439.0
219,5,3,2,8,2012,Meknes,0,0,1,0,1,1,1,0,0,2157197.0
331,5,2,1,0,2022,Agadir,0,1,1,0,1,0,0,0,0,3235428.0
121,4,2,1,6,2008,Tanger,0,0,1,0,0,0,0,0,1,1549963.0
138,5,1,1,9,1988,Marrakech,1,1,0,0,1,0,1,0,0,1844615.0
372,2,3,1,3,1991,Meknes,0,1,0,0,1,0,0,1,0,2661433.0
222,3,2,2,6,2008,Marrakech,0,1,1,1,1,0,0,1,0,2533295.0
244,2,2,2,8,1980,El Jadida,1,0,0,0,1,1,0,1,0,2497541.0
93,4,4,1,0,2019,El Jadida,0,1,0,1,1,0,1,0,1,1416646.0
210,6,2,1,2,2007,Agadir,0,0,1,0,1,1,0,1,0,2279206.0
390,5,4,1,5,1999,Fes,0,0,0,0,1,0,1,0,0,3165455.0
327,5,1,1,5,1982,Meknes,0,0,1,0,0,0,0,0,1,2417200.0
254,5,2,1,8,2011,Casablanca,0,1,1,1,1,0,0,0,0,3863317.0
257,1,2,2,1,1997,Fes,0,0,1,0,1,0,0,1,0,1989562.0
202,5,1,1,8,2022,Fes,0,0,1,0,1,0,0,0,0,1789466.0
238,6,1,1,5,2014,Casablanca,0,0,1,0,0,1,0,1,0,3555075.0
129,3,2,2,7,1991,Tanger,0,0,1,1,1,0,0,0,1,1591768.0
152,1,3,1,4,1985,El Jadida,0,0,1,0,1,1,0,0,1,1603709.0
334,2,4,1,7,2015,Tanger,1,1,0,0,1,0,0,1,0,3891438.0
102,4,3,1,0,2018,Meknes,0,1,1,1,1,0,0,1,1,1333683.0
320,4,4,2,1,2017,Fes,0,0,1,1,1,0,0,1,0,2951900.0
240,4,4,1,4,2018,Meknes,1,1,1,0,0,1,0,1,0,2318201.0
355,5,1,2,7,1988,Tanger,0,0,0,1,1,1,0,1,0,3730249.0
386,6,4,2,0,2011,El Jadida,0,1,1,1,1,0,0,0,0,3965279.0
295,1,2,2,8,2022,Rabat,1,0,1,0,1,1,0,1,0,4111527.0
155,6,1,1,7,1983,Agadir,0,0,0,1,1,0,1,0,0,1628798.0
141,6,3,2,4,2017,Meknes,0,0,1,0,0,0,1,0,0,1539055.0
372,5,3,2,1,2021,Meknes,0,0,1,1,1,1,1,0,0,3127637.0
384,3,4,2,3,1998,Rabat,0,0,0,1,1,0,1,0,0,5047458.0
156,3,4,2,1,1988,Tanger,0,1,0,0,0,0,0,0,0,1732035.0
286,3,4,1,0,2022,Meknes,0,1,1,1,1,1,0,0,0,2375151.0
239,6,4,2,5,1990,El Jadida,0,1,0,1,1,0,1,0,0,2713294.0
322,1,3,2,3,1995,Marrakech,0,1,1,0,1,1,0,0,0,3186319.0
59,1,1,1,2,1990,Tanger,0,1,1,0,1,0,1,0,1,832135.0
105,6,4,1,7,2014,Tanger,0,0,0,0,1,1,0,0,0,1587939.0
177,3,3,1,9,2005,Agadir,0,1,0,0,1,0,1,0,0,1889115.0
333,4,3,1,7,1994,Meknes,1,0,0,1,1,0,0,0,0,2726653.0
96,6,4,1,6,2016,Fes,0,1,0,0,1,1,0,0,0,1410120.0
185,4,2,1,0,2008,Oujda,0,0,0,0,1,0,0,0,1,1471431.0
128,1,3,2,8,2018,Oujda,0,0,0,0,1,1,0,1,0,1180876.0
394,6,2,2,5,2010,Oujda,0,0,1,0,1,0,1,1,0,3051814.0
380,6,4,1,5,2023,Agadir,0,0,1,1,0,1,0,0,1,3911233.0
162,4,4,2,0,1989,El Jadida,0,0,0,1,1,0,0,1,0,1803200.0
224,2,4,1,0,2019,Oujda,0,0,0,0,1,0,0,1,1,1929550.0
229,3,3,2,0,1991,Rabat,1,0,1,1,1,0,0,1,0,3268097.0
329,3,1,2,2,1983,Casablanca,0,0,0,0,1,0,0,0,0,4393915.0
177,6,1,1,1,2018,Tanger,0,1,1,1,0,1,1,0,1,2380255.0
126,5,2,1,7,1985,El Jadida,1,1,1,0,0,0,0,1,0,1688901.0
214,5,4,2,6,1988,Fes,1,0,1,1,1,0,0,0,1,2267730.0
142,4,1,2,4,1996,Casablanca,0,1,1,1,1,0,0,0,0,2284681.0
216,4,1,2,7,2015,Agadir,0,0,0,1,1,0,0,0,0,2133262.0
199,6,1,1,0,1984,Tanger,1,0,1,1,1,0,0,1,1,2594433.0
205,4,1,1,0,2019,Agadir,0,0,1,0,1,1,1,0,0,2103001.0
235,1,1,1,5,1980,Agadir,1,0,1,1,1,0,1,0,0,2150292.0
155,1,4,2,3,1991,Rabat,1,1,0,0,0,0,0,0,1,2426659.0
302,1,2,2,1,2017,Marrakech,0,0,0,1,1,1,0,1,0,3048630.0
120,2,2,2,8,2003,Marrakech,0,0,1,1,1,0,0,0,0,1468265.0
198,4,3,2,5,1999,Agadir,1,1,1,0,1,1,1,0,0,2265071.0
201,6,2,2,5,1980,Oujda,0,0,1,0,1,0,0,0,1,1623945.0
91,6,4,2,9,2011,Casablanca,0,1,0,1,1,1,1,1,0,2120952.0
159,1,1,1,3,1998,Oujda,0,0,1,1,0,0,0,0,1,1078976.0
321,1,3,1,6,1998,Meknes,0,1,1,0,1,0,0,0,1,2469164.0
251,4,1,2,8,1992,Agadir,1,1,0,1,1,0,0,0,0,2512112.0
320,3,1,1,8,2001,Meknes,0,0,1,0,1,1,0,0,1,2505890.0
274,3,4,2,4,2010,Oujda,0,0,1,0,1,1,0,0,0,2090306.0
356,6,2,1,1,1989,Meknes,1,1,1,0,1,0,0,0,0,2831546.0
82,2,3,1,9,1999,Agadir,0,1,1,1,0,0,1,0,1,1189194.0
148,5,3,2,0,1988,Rabat,0,1,1,0,1,1,0,0,1,2309615.0
181,4,2,2,8,1982,Marrakech,0,1,1,0,0,1,0,1,1,2123561.0
355,5,3,1,7,1989,Casablanca,0,1,1,0,1,0,0,1,1,5354226.0
203,6,1,2,2,2010,Meknes,0,1,1,1,1,0,0,0,1,2034105.0
202,3,4,1,9,2001,Agadir,0,0,1,1,0,0,0,1,1,2127176.0
218,5,3,1,5,2013,Rabat,0,1,1,1,0,1,0,1,0,3315185.0
380,6,2,2,0,1995,El Jadida,0,0,1,0,0,0,0,1,1,3732337.0
235,2,2,1,2,1987,Oujda,1,0,1,1,1,0,0,0,0,1690119.0
252,4,4,2,7,2017,Marrakech,0,0,1,1,1,0,1,0,0,2855297.0
126,2,2,2,6,2007,El Jadida,1,1,1,1,1,0,0,1,0,1707909.0
192,1,1,2,1,1996,Agadir,0,1,1,0,1,0,0,0,0,1696615.0
356,6,1,2,1,2007,Casablanca,1,0,1,0,1,1,0,1,0,5183280.0
272,6,1,2,5,2003,Oujda,1,1,1,0,0,0,0,0,0,2286973.0
321,6,4,1,3,1994,Rabat,0,0,1,0,1,0,0,0,1,4357899.0
182,3,1,2,2,2016,Oujda,1,0,1,1,1,0,0,1,1,1872823.0
62,4,3,1,3,1996,El Jadida,0,0,0,0,1,0,1,0,0,899025.0
59,4,4,2,8,2024,El Jadida,0,0,1,0,1,0,0,0,0,1015551.0
175,2,2,1,8,2014,Fes,0,1,1,0,0,0,0,0,0,1565495.0
63,6,1,2,9,2004,Oujda,0,0,0,0,1,0,1,0,1,974813.0
264,1,4,2,6,1983,El Jadida,0,1,0,1,0,0,0,1,1,2629235.0
243,4,3,2,7,1990,Meknes,0,1,1,1,0,0,1,0,0,1943390.0
303,5,2,1,5,2018,El Jadida,0,1,1,0,1,1,1,1,1,3414806.0
207,5,3,1,1,2022,Oujda,1,0,0,0,1,0,0,0,1,2000515.0
349,6,4,1,9,2005,Rabat,0,1,1,1,0,1,0,0,1,5058795.0
362,5,1,1,6,1988,Oujda,1,0,1,0,1,0,0,0,1,2707123.0
337,4,3,1,4,2013,Oujda,0,0,1,0,1,0,0,0,0,2480609.0
172,5,4,1,5,1993,Tanger,0,1,1,0,1,0,1,0,0,2239611.0
131,4,4,2,0,1983,Agadir,0,0,0,1,0,0,0,0,0,1250944.0
231,1,1,2,6,1982,Tanger,0,1,0,0,0,0,1,0,1,2575716.0
218,3,2,1,6,2010,El Jadida,0,1,0,0,1,1,0,1,0,2438551.0
293,3,3,1,9,2001,Oujda,0,0,1,0,1,0,1,0,1,2319198.0
236,4,4,1,2,1993,Agadir,0,1,0,0,1,0,0,1,0,2346324.0
53,5,1,1,1,2001,Tanger,0,1,1,0,0,0,0,1,0,905684.0
247,5,2,2,5,2016,Oujda,1,1,1,1,1,0,0,1,0,2293044.0
109,5,1,1,0,2017,Casablanca,1,1,0,0,0,0,0,0,0,1947802.0
317,5,4,2,5,2004,Tanger,1,0,1,0,1,0,0,0,0,3597181.0
98,4,4,2,1,1982,Agadir,0,1,1,1,1,0,0,1,0,1211430.0
241,6,4,2,1,1980,Tanger,0,0,1,0,1,1,0,0,0,2682983.0
81,1,3,1,2,2000,Fes,0,1,1,0,1,0,0,0,0,806170.0
380,6,3,1,5,2001,Fes,0,0,1,0,1,1,0,1,0,3272756.0
107,4,1,2,3,2022,El Jadida,0,1,1,0,1,1,0,0,0,1368013.0
175,2,1,1,0,2018,Casablanca,1,1,1,0,1,0,0,0,0,2641466.0
129,3,1,2,6,2010,Rabat,1,0,1,1,1,1,0,0,1,2248281.0
99,1,3,2,6,1984,Rabat,0,0,1,1,1,1,0,0,0,1482294.0
220,4,3,1,0,2023,Agadir,1,0,1,1,1,1,0,0,0,2358609.0
123,2,4,1,1,1980,Meknes,0,1,1,1,0,1,1,1,1,1307722.0
319,2,3,1,5,1982,Rabat,0,0,1,0,1,0,0,0,0,3998416.0
78,4,3,1,3,1998,Agadir,0,0,0,1,0,0,0,0,0,850106.0
374,6,3,2,8,2012,Casablanca,0,0,1,0,1,0,1,0,0,5543203.0
274,2,1,2,4,1982,Meknes,0,0,0,0,1,1,1,0,0,1959573.0
170,5,2,2,9,2005,Meknes,0,1,0,0,1,1,0,0,0,1511559.0
131,6,3,2,9,1991,Fes,0,0,1,0,1,0,0,0,0,1418555.0
248,5,3,1,5,1990,El Jadida,0,1,1,1,0,0,0,0,0,2504124.0
69,2,1,2,5,1996,Oujda,0,1,0,0,0,0,0,0,0,506997.0
222,4,2,2,9,2011,Meknes,0,0,1,0,1,0,0,1,0,1947154.0
391,2,3,2,3,1993,Marrakech,0,1,1,1,0,0,0,0,0,3851287.0
332,1,4,1,7,1995,Agadir,0,0,1,1,0,0,0,1,0,3030139.0
185,3,2,1,9,1984,Meknes,0,1,0,1,0,0,0,0,0,1483552.0
368,1,4,2,5,1995,Meknes,0,1,0,0,1,0,0,1,0,2829790.0
263,2,4,2,8,2020,Marrakech,0,1,1,1,1,0,0,0,0,2984253.0
382,1,2,1,4,2001,Meknes,0,0,1,1,1,1,1,1,0,2894837.0
108,1,1,2,3,1992,Oujda,0,1,0,0,0,1,0,0,1,916048.0
342,5,1,2,7,2022,Marrakech,0,0,0,0,1,1,0,1,0,3673665.0
64,3,1,2,6,1997,Fes,0,1,1,0,1,0,0,0,0,721278.0
139,4,1,2,0,1984,Tanger,0,0,1,1,1,0,0,0,0,1617347.0
102,5,2,1,5,1989,Meknes,1,0,1,0,1,0,0,0,1,1257922.0
89,6,4,1,0,2022,Meknes,0,1,0,1,1,0,0,0,0,1240770.0
121,6,4,2,4,2005,El Jadida,0,0,1,0,1,1,0,1,0,1818923.0
223,6,1,1,1,1985,El Jadida,0,1,1,0,0,0,0,0,0,2210893.0
318,6,2,1,5,1980,Agadir,0,0,1,0,1,0,0,0,0,2899180.0
89,6,3,1,5,1992,Oujda,1,0,1,1,1,0,0,1,0,1164916.0
362,4,3,2,0,1995,Agadir,0,1,0,1,1,0,1,0,0,3337035.0
365,2,1,1,7,2010,Tanger,0,1,0,0,1,0,0,0,0,3683793.0
294,3,2,2,2,1990,Meknes,0,0,1,1,1,1,0,1,0,2370570.0
255,1,2,1,9,1992,Oujda,1,1,0,0,0,0,1,1,0,2033835.0
282,4,4,1,4,1981,Marrakech,0,1,0,0,1,1,1,0,0,2925455.0
195,4,3,1,6,1987,Meknes,0,0,1,0,0,1,0,1,0,1609750.0
215,2,3,2,0,2003,Fes,0,1,0,1,1,0,0,1,0,1916721.0
84,4,3,1,5,1988,Meknes,0,1,1,1,0,0,0,1,0,1064505.0
385,1,3,1,7,2017,Rabat,0,1,0,0,0,0,0,0,1,5056867.0
100,1,4,1,0,2006,Oujda,0,1,1,0,1,0,1,0,1,1087045.0
254,5,1,2,7,2002,Rabat,0,0,1,1,0,0,0,0,0,3356780.0
203,6,3,2,1,2010,El Jadida,0,1,1,0,1,1,0,0,1,2421453.0
207,5,2,1,9,2016,Marrakech,0,0,1,0,1,1,0,0,0,2337089.0
270,3,3,1,7,2011,Meknes,0,0,0,0,0,0,0,1,1,2282048.0
51,2,1,2,1,1982,Marrakech,0,1,0,1,0,0,1,0,0,694079.0
51,3,2,1,3,1992,Casablanca,0,0,1,1,0,1,0,1,1,1068429.0
197,2,1,1,3,2013,Meknes,0,1,1,0,1,0,1,1,0,1721503.0
59,3,4,1,0,1980,Rabat,0,1,0,0,1,0,1,0,1,1113448.0
298,3,1,1,0,1985,Oujda,1,0,1,0,1,0,0,0,1,2127409.0
392,2,3,2,0,2005,Rabat,1,1,1,0,0,0,0,0,0,5147195.0
314,2,4,1,3,2012,Marrakech,0,0,1,1,1,1,0,1,0,3327248.0
237,6,3,1,3,2022,Tanger,0,0,1,0,0,0,0,1,0,2861360.0
355,6,2,2,5,2022,Meknes,1,1,1,0,1,0,0,0,0,3075543.0
172,2,1,1,3,2013,Fes,0,0,0,1,1,1,0,0,0,1473305.0
187,2,1,2,2,1989,Agadir,0,0,1,1,0,0,0,0,0,1563470.0
379,2,4,2,4,1998,Oujda,1,1,1,1,1,1,0,0,1,3029484.0
117,4,2,2,7,1998,Fes,0,0,1,1,0,1,1,1,1,1430697.0
120,1,1,1,9,1989,Fes,1,1,0,1,1,0,0,0,0,1171936.0
129,3,4,2,2,2012,Meknes,0,1,0,1,1,1,0,1,1,1474941.0
261,2,4,1,9,1991,Tanger,0,0,0,1,1,0,1,0,0,2904166.0
384,6,3,2,3,1994,Meknes,0,0,1,1,1,1,0,1,1,3278353.0
367,6,3,1,2,2016,Tanger,0,1,1,0,0,0,1,1,0,4209903.0
353,1,4,1,8,1987,Casablanca,0,1,1,0,1,0,1,0,0,5021562.0
231,2,2,1,6,2008,Oujda,0,0,0,0,1,0,1,1,0,1820114.0
193,3,3,2,1,1990,Marrakech,1,0,0,0,1,0,0,1,0,2194012.0
217,6,2,2,8,2024,El Jadida,0,1,0,1,1,1,1,1,0,2741831.0
244,2,3,2,9,1992,Marrakech,0,0,0,1,1,1,1,1,1,2833842.0
143,5,3,1,7,2023,Fes,0,0,1,1,1,1,0,0,1,1644383.0
66,2,1,1,9,2022,Agadir,1,1,1,1,0,1,0,0,1,1254019.0
165,1,2,2,0,1991,Casablanca,0,1,0,0,1,0,0,0,1,2396414.0
262,4,2,2,5,2020,Marrakech,0,0,1,1,1,0,0,0,0,2812785.0
276,3,2,1,7,2002,Marrakech,0,1,1,0,1,0,1,0,1,3013608.0
68,3,4,1,8,2015,Agadir,0,1,0,0,1,0,0,0,0,1042051.0
87,3,1,2,2,2023,Agadir,0,1,1,1,0,0,0,1,0,1099876.0
191,4,4,2,5,2015,Marrakech,0,0,1,0,1,0,1,1,0,2298978.0
277,3,4,1,4,2024,Rabat,0,1,1,0,1,0,1,0,0,3907107.0
393,1,3,1,6,1992,Agadir,0,1,0,1,0,0,0,0,1,3453695.0
204,3,2,1,0,2023,Rabat,0,1,1,0,0,1,0,0,0,2753565.0
350,5,4,1,7,1994,Oujda,0,1,1,0,1,0,1,0,0,2631530.0
393,5,1,1,0,2020,Casablanca,0,0,0,0,1,0,0,1,0,5477306.0
174,1,1,1,1,1990,Agadir,0,0,1,1,0,0,0,0,0,1354018.0
183,2,2,2,7,1988,Oujda,0,1,0,0,1,0,0,0,1,1445227.0
141,5,2,2,4,1999,Tanger,0,0,0,1,0,0,0,0,0,1635976.0
320,6,2,2,9,1983,Fes,0,0,1,0,1,0,0,0,0,2615634.0
246,5,3,1,8,2007,Rabat,0,1,1,1,0,1,0,1,0,3612405.0
132,3,1,2,0,1996,Casablanca,0,0,0,0,1,0,1,0,0,1917241.0
350,3,3,1,0,1988,Rabat,0,1,1,0,0,0,0,0,0,4408817.0
379,4,1,1,6,1980,Tanger,0,0,1,0,0,0,0,1,0,3768946.0
269,1,3,1,1,2013,Casablanca,0,1,1,0,1,1,0,0,0,3854021.0
388,2,3,1,9,2003,Marrakech,0,1,1,0,1,0,1,0,1,4133905.0
93,3,2,2,1,2013,Tanger,0,1,0,1,0,0,0,1,0,1313872.0
77,2,2,1,3,1981,Meknes,1,1,1,0,1,0,0,0,0,826999.0
355,4,3,2,5,2001,Meknes,0,0,1,1,0,1,0,1,0,2746441.0
282,2,2,2,5,2012,Agadir,0,0,0,0,1,0,0,1,0,2489298.0
166,3,2,1,7,2018,Casablanca,0,0,0,0,1,0,1,0,0,2534647.0
293,2,4,1,7,1989,Agadir,0,1,1,0,1,1,1,0,0,2866815.0
72,6,2,1,1,1991,Casablanca,0,1,1,1,1,0,1,1,1,1634989.0
353,6,1,2,8,2005,Tanger,0,1,1,1,1,0,0,0,1,3992217.0
241,6,1,2,9,1984,Casablanca,0,0,1,1,0,0,0,0,0,3560546.0
358,3,4,2,4,1995,Marrakech,1,1,0,0,1,1,0,1,0,3875424.0
260,4,4,2,6,1987,Fes,0,1,0,1,1,1,0,0,0,2379999.0
56,3,3,1,7,2001,El Jadida,0,0,0,1,1,0,0,0,0,869015.0
381,3,2,2,1,2024,Meknes,1,0,1,0,1,0,0,1,0,3086253.0
170,5,2,1,0,2001,Fes,0,1,0,0,0,0,0,1,0,1611873.0
300,2,2,2,5,1990,Casablanca,0,1,1,0,1,0,1,0,1,4336155.0
144,5,2,1,9,2004,El Jadida,1,1,0,0,0,0,0,1,1,1960413.0
144,4,3,2,8,2020,Fes,1,0,1,1,1,0,1,0,0,1797246.0
189,1,2,2,1,1981,Marrakech,1,1,0,1,0,1,0,0,0,2014197.0
289,1,3,1,4,2004,Meknes,0,1,1,0,1,1,0,0,1,2353545.0
355,6,4,2,7,1987,Oujda,0,1,1,1,0,0,0,0,0,2615883.0
62,4,2,2,0,1995,Casablanca,0,1,0,0,0,1,0,1,0,1150262.0
250,3,2,1,8,2004,Meknes,0,0,0,0,1,1,0,1,1,2183440.0
69,1,1,2,3,2001,Fes,0,1,1,0,0,0,0,0,0,653016.0
322,3,1,1,2,1983,Oujda,0,1,1,1,0,1,0,0,0,2191617.0
110,1,1,1,1,1985,Rabat,0,1,1,0,1,1,0,1,1,1643999.0
236,6,1,2,2,2002,Meknes,0,0,1,0,1,0,0,0,0,1897629.0
161,5,3,2,3,2005,Rabat,0,0,1,0,1,0,0,0,0,2346466.0
323,2,4,2,8,1982,El Jadida,0,0,1,0,0,0,1,0,0,2951270.0
192,1,1,2,5,2002,Tanger,0,1,0,0,0,0,0,0,1,2058926.0
314,2,1,1,4,2022,El Jadida,0,1,0,0,0,0,1,1,0,3089268.0
276,1,3,2,4,1992,Oujda,0,0,1,1,1,1,0,0,1,2079200.0
199,4,2,2,5,2007,Oujda,1,1,1,1,0,0,0,0,1,1893857.0
142,4,3,1,2,1980,Meknes,0,0,1,0,1,1,0,0,0,1214408.0
395,4,1,1,3,1984,Tanger,0,0,1,0,0,0,0,0,0,3943495.0
251,2,2,1,9,2000,Fes,0,1,1,0,1,0,0,0,1,2142760.0
380,5,2,1,4,2004,Agadir,0,1,0,0,0,0,0,0,0,3399238.0
156,1,1,1,3,1986,Casablanca,0,1,0,0,1,0,0,0,1,2208227.0
83,1,2,2,2,1992,Tanger,1,0,0,0,1,0,0,0,1,1117866.0
189,6,4,2,2,2012,Oujda,0,0,1,0,1,0,1,0,0,1676867.0
59,1,1,1,2,2011,Agadir,0,1,1,1,0,0,0,0,1,774624.0
231,3,3,1,5,1991,Oujda,0,1,1,0,1,1,0,1,0,1809325.0
285,2,1,2,2,2001,Meknes,1,1,1,1,1,0,0,0,0,2279497.0
160,4,1,1,2,2005,Fes,0,1,0,1,1,0,0,0,0,1482905.0
182,5,4,2,1,2005,Marrakech,0,0,1,1,0,0,0,1,0,2158316.0
385,5,4,2,4,1989,Oujda,0,0,0,0,1,0,0,0,0,2771762.0
118,5,2,2,2,1991,Fes,1,1,1,0,1,0,1,1,0,1489302.0
66,3,4,2,4,2017,Rabat,0,0,0,0,1,0,0,0,1,1315828.0
54,2,3,1,5,1996,Oujda,0,0,1,0,1,0,0,0,1,794787.0
278,5,1,2,4,1985,Agadir,0,1,0,0,0,0,1,0,0,2557722.0
193,3,4,1,9,2019,Fes,0,1,1,0,0,1,0,0,0,1931060.0
260,1,2,1,7,2003,Tanger,0,0,1,0,0,0,0,1,1,2855811.0
159,3,2,1,3,2006,Fes,0,0,0,1,0,0,0,1,1,1500071.0
303,5,3,1,8,2006,Tanger,0,1,0,0,1,0,0,1,0,3465394.0
392,6,4,1,5,1999,Tanger,0,1,1,1,1,1,0,0,0,4373033.0
81,1,1,2,8,2000,El Jadida,0,0,1,1,1,0,0,0,0,934038.0
389,4,2,2,5,2013,Marrakech,0,1,0,1,1,0,1,1,0,4076466.0
313,6,2,2,7,1989,El Jadida,0,0,0,1,1,1,0,0,0,3116828.0
72,6,1,2,0,2017,Agadir,0,0,1,1,1,0,0,1,1,1305679.0
353,3,2,1,0,1986,Casablanca,0,0,0,1,0,1,0,0,0,4842970.0
300,2,2,2,0,2016,Agadir,0,1,1,1,1,1,0,1,0,2885225.0
258,1,1,1,3,1989,Meknes,0,1,1,1,1,0,0,1,0,1962024.0
51,5,1,1,1,2002,Oujda,0,1,1,1,1,0,0,0,1,844516.0
270,3,4,2,6,2007,El Jadida,0,1,1,1,1,0,0,1,0,2959746.0
115,5,1,1,9,1999,Agadir,0,0,1,0,1,0,0,0,0,1342456.0
338,2,2,2,7,1980,Oujda,0,1,1,1,1,0,0,0,0,2326150.0
346,3,1,1,1,2003,Oujda,0,1,0,0,1,1,0,0,1,2394946.0
335,2,1,2,9,2022,Oujda,0,1,0,1,1,0,0,0,0,2483126.0
94,5,4,1,0,2013,Marrakech,0,0,0,0,1,0,1,0,0,1299857.0
212,3,2,2,5,1996,Casablanca,1,1,1,0,1,0,0,1,0,3333799.0
227,3,4,2,0,2019,Tanger,0,1,1,0,0,0,0,1,1,2774474.0
125,6,4,2,4,2003,Agadir,0,0,1,0,0,0,0,1,1,1718646.0
93,3,1,2,5,2008,Meknes,0,0,0,0,1,0,1,0,0,881830.0
99,5,1,2,8,1993,Agadir,0,0,1,1,1,0,0,0,0,1231179.0
262,2,3,1,7,1983,Tanger,0,0,0,0,1,0,0,1,1,2837326.0
95,4,1,2,9,2003,Fes,0,1,0,1,1,0,0,1,1,1346639.0
63,5,1,2,1,1984,Oujda,0,1,1,0,1,1,0,1,0,767723.0
278,6,3,2,6,2022,El Jadida,1,1,0,1,1,0,0,1,0,3260148.0
254,1,3,2,4,1983,El Jadida,0,0,1,0,1,1,1,0,0,2443727.0
108,1,4,1,8,1994,Fes,0,1,0,0,0,1,0,1,1,1304103.0
259,6,3,2,4,2015,Meknes,0,1,0,0,1,0,1,1,0,2410277.0
322,1,1,2,1,2011,El Jadida,0,0,1,0,1,0,0,0,1,3031285.0
245,1,2,1,6,1986,Fes,0,0,1,1,0,1,0,0,0,1804505.0
253,1,3,2,3,2021,Fes,0,0,0,0,1,0,0,0,0,2080691.0
105,4,1,1,9,2001,Oujda,1,1,0,1,0,0,0,0,1,1313326.0
112,4,4,1,4,1996,Tanger,1,0,1,1,0,0,0,0,0,1561520.0
176,5,3,2,4,2016,Tanger,0,0,0,0,0,0,0,1,1,2336883.0
156,4,2,2,8,1998,Tanger,0,1,1,0,1,0,0,0,0,1937239.0
345,3,4,1,9,2010,Agadir,0,1,1,0,1,0,0,0,1,3393406.0
270,1,2,2,8,1992,Casablanca,0,1,1,0,0,0,0,0,0,3607148.0
328,1,4,2,7,1998,Agadir,0,1,1,0,1,0,0,0,1,3151051.0
302,1,2,1,2,1995,Fes,0,0,0,0,0,1,1,1,0,2325585.0
94,5,2,1,7,2003,Casablanca,0,1,1,1,1,0,0,0,0,1697875.0
96,2,4,2,7,1999,El Jadida,0,0,0,0,0,0,0,0,1,1238004.0
366,6,1,2,9,2022,Rabat,0,0,0,0,1,0,0,0,1,4983205.0
329,4,3,2,5,2018,Agadir,0,0,1,0,1,0,1,0,0,3207500.0
322,1,2,2,8,2016,Agadir,0,0,0,1,0,0,0,1,0,2914327.0
132,4,4,2,8,1990,Oujda,0,0,1,1,1,0,0,0,0,1304409.0
280,4,4,1,1,1995,Tanger,0,0,0,0,1,0,0,0,0,2985246.0
269,3,3,1,0,1999,El Jadida,0,1,0,1,1,0,0,0,1,2796989.0
278,4,4,2,1,2024,Tanger,1,0,0,0,0,1,0,0,0,3226516.0
321,6,4,1,3,1981,Casablanca,0,0,0,1,1,0,1,0,0,4559547.0
307,2,4,1,7,1994,Agadir,0,1,1,0,1,1,0,1,0,2971510.0
332,6,4,1,9,1996,Tanger,0,1,1,0,1,0,1,0,0,3912326.0
339,1,2,1,2,2009,Agadir,0,1,1,1,1,0,1,0,1,3230345.0
344,6,4,1,7,1981,Fes,0,0,0,0,1,0,0,1,1,3019349.0
208,2,1,2,7,1984,Rabat,0,0,0,0,1,0,0,0,1,2674243.0
343,4,4,2,4,1995,Tanger,0,1,0,0,1,0,0,0,0,3672519.0
371,6,1,2,2,1988,Marrakech,0,1,1,1,0,0,0,0,0,3658593.0
88,2,4,1,6,2019,El Jadida,0,1,1,1,1,1,1,0,0,1378974.0
293,5,1,1,2,2002,Rabat,0,0,1,1,1,1,1,0,1,4053327.0
302,5,4,1,0,2017,Tanger,0,0,0,0,0,0,1,0,1,3396200.0
222,6,1,1,1,2020,Marrakech,0,0,1,1,1,0,0,0,0,2438356.0
132,5,2,2,0,2004,Marrakech,0,0,1,0,1,1,0,1,0,1615478.0
294,4,2,2,8,1981,El Jadida,0,0,1,1,1,0,0,0,0,2856305.0
197,3,4,1,4,2020,Tanger,1,1,0,0,0,0,0,1,0,2537691.0
397,2,2,1,6,1996,Rabat,0,0,0,0,1,0,0,1,0,4997051.0
316,5,3,2,5,1981,Oujda,0,0,1,1,1,0,0,1,0,2371577.0
346,2,3,2,9,2023,Casablanca,0,1,0,1,0,0,0,1,0,5032070.0
72,5,2,1,0,1993,Marrakech,0,1,1,1,1,1,0,0,0,1051650.0
388,4,3,1,1,1993,Tanger,0,1,0,1,1,1,0,0,0,4109044.0
393,6,2,2,1,1983,Oujda,0,1,0,0,1,0,0,0,1,2863677.0
280,3,4,1,0,1993,Oujda,0,0,1,0,1,0,0,0,0,2009516.0
348,3,2,2,3,2005,Oujda,0,1,0,0,1,0,1,0,1,2645418.0
296,5,3,1,4,1997,Fes,0,0,0,1,1,0,0,1,0,2467655.0
234,3,3,1,1,1990,Rabat,1,1,1,0,1,0,0,1,1,3432668.0
256,4,3,2,2,2018,Marrakech,0,0,1,0,0,0,0,1,0,2775993.0
277,3,1,2,8,1993,Tanger,0,0,1,1,1,0,0,0,0,2962203.0
169,6,1,1,8,2001,Oujda,0,0,0,0,0,0,0,0,1,1399647.0
186,5,1,2,4,1988,Casablanca,1,0,0,0,1,1,1,0,0,2941989.0
356,6,3,2,0,2007,Casablanca,0,0,0,0,1,0,1,0,1,5287730.0
219,4,2,1,9,1997,Meknes,0,1,1,1,1,1,0,0,1,2099852.0
265,5,1,2,6,1995,Oujda,1,1,0,1,1,0,0,1,0,2223458.0
247,4,1,2,7,1994,Casablanca,0,0,1,0,0,0,1,0,1,3662574.0
192,2,4,1,5,2000,Marrakech,0,1,1,0,1,0,0,0,0,2137904.0
308,5,3,1,5,1998,Rabat,1,1,1,0,1,0,0,1,0,4397996.0
90,1,4,1,5,1995,Rabat,0,1,1,1,1,1,0,0,0,1452829.0
247,4,3,1,6,1987,Tanger,0,0,1,1,1,0,0,1,0,2718190.0
250,6,1,1,5,2007,Casablanca,1,0,1,0,1,0,0,1,0,3982691.0
92,5,3,2,5,1993,Agadir,0,0,0,1,1,0,0,0,0,1131785.0
245,6,3,2,7,2003,Casablanca,0,0,0,0,1,1,0,0,0,3689708.0
150,5,2,2,3,2007,El Jadida,0,0,0,0,1,0,0,1,0,1780674.0
381,3,1,2,4,2013,Meknes,0,1,0,0,1,1,0,1,0,2894958.0
395,2,2,1,4,1993,Agadir,0,0,1,1,1,0,1,0,1,3537503.0
92,4,3,1,3,2023,El Jadida,1,1,1,0,1,0,0,1,0,1521496.0
162,5,2,2,5,2021,Meknes,1,1,0,0,1,1,0,1,1,1979230.0
111,5,3,1,1,2014,Oujda,0,1,1,1,0,0,0,1,1,1371235.0
277,4,3,1,1,1993,Oujda,0,1,0,1,0,1,0,0,0,1995875.0
348,2,1,1,2,1992,Tanger,0,1,1,1,1,0,1,0,0,3608349.0
388,6,4,2,6,2020,Meknes,0,1,0,1,0,1,0,1,1,3401269.0
262,5,1,2,0,1998,Tanger,0,0,1,0,1,0,0,0,1,2888907.0
148,6,4,2,3,1992,Marrakech,0,1,1,0,1,0,0,0,1,1841712.0
113,5,4,1,0,2021,Casablanca,0,1,1,0,1,0,0,1,0,2153090.0
216,2,3,2,2,2023,Agadir,0,0,0,1,1,1,0,0,0,2167224.0
241,4,2,2,3,1997,Agadir,0,1,0,0,1,0,1,1,0,2395494.0
176,5,3,1,4,1995,Tanger,0,0,0,0,1,0,0,0,1,2173400.0
352,6,3,2,8,1993,Casablanca,0,0,1,0,0,1,0,0,0,5031424.0
66,4,1,2,0,1989,Rabat,1,0,1,0,1,0,1,0,0,1220735.0
390,3,3,1,2,1985,Agadir,0,1,1,0,1,1,0,0,0,3422321.0
274,2,1,2,9,2024,Rabat,1,0,1,0,1,1,1,1,0,4117298.0
229,4,4,2,3,1984,El Jadida,1,0,0,1,1,0,0,1,1,2657452.0
164,4,4,2,9,1986,Casablanca,1,0,1,0,1,1,0,0,1,2784192.0
104,3,4,2,6,1981,Rabat,0,1,1,1,1,0,0,1,0,1701180.0
244,3,2,1,2,1994,Marrakech,0,1,1,0,1,1,0,0,1,2694987.0
243,2,1,1,4,1999,Meknes,0,0,1,1,0,1,0,1,0,1838060.0
145,2,4,2,3,2015,Oujda,0,0,0,0,0,0,0,1,1,1412309.0
396,1,3,2,8,2020,Oujda,0,0,0,0,0,0,0,0,0,2699685.0
240,3,3,2,6,1982,Tanger,0,0,1,1,0,0,0,0,0,2515419.0
62,2,3,1,3,1982,Marrakech,0,0,1,0,0,1,0,1,0,763762.0
221,4,2,1,5,2009,Agadir,0,0,0,0,1,0,0,0,0,2087407.0
384,1,2,1,0,1984,Tanger,0,0,1,0,0,1,0,0,1,3755365.0
279,5,2,1,4,1994,Tanger,1,1,1,0,1,1,0,0,1,3375141.0
388,1,3,2,2,1992,Oujda,0,0,1,0,1,0,1,0,0,2453978.0
253,5,2,2,2,1994,Casablanca,0,0,0,0,0,1,0,0,0,3534134.0
116,3,3,2,9,2012,Agadir,0,1,0,0,1,1,0,0,0,1452704.0
158,5,4,2,4,1991,Tanger,0,0,1,0,0,0,0,0,0,1796652.0
239,6,2,1,3,2000,Agadir,0,0,0,0,0,0,1,0,1,2342608.0
354,2,1,2,2,2001,Meknes,0,0,1,0,1,1,0,1,0,2602784.0
159,4,3,2,9,2019,Casablanca,0,0,1,1,1,0,0,1,0,2675440.0
283,2,4,1,5,1995,El Jadida,0,1,0,0,0,0,0,0,1,2719049.0
250,2,2,2,3,2016,Agadir,0,1,1,0,0,0,0,0,0,2357447.0
50,6,2,2,4,2010,Rabat,0,1,1,0,0,1,1,1,0,1276284.0
225,5,2,2,2,1996,Tanger,0,1,1,0,1,1,0,1,0,2671120.0
315,3,1,1,6,2008,Rabat,0,1,1,0,0,0,0,1,0,4146205.0
254,5,2,1,4,2000,Casablanca,0,1,1,0,0,0,1,0,0,3680779.0
266,3,1,2,4,2009,Marrakech,0,1,0,0,0,0,0,1,0,2714815.0
171,4,3,2,6,2006,Rabat,0,1,0,0,0,1,1,0,1,2659005.0
337,2,2,1,3,1997,Tanger,1,0,1,0,1,1,0,1,0,3631128.0
103,1,2,2,3,1981,Tanger,0,0,1,1,0,0,0,0,0,1077854.0
65,2,3,2,8,1997,Oujda,0,0,1,0,0,0,1,0,1,850993.0
108,3,1,2,5,2014,Casablanca,0,0,0,1,1,0,1,0,0,1874157.0
321,2,2,2,5,1995,Oujda,0,1,0,0,1,1,0,0,1,2374353.0
264,3,3,1,7,2009,Tanger,1,1,1,1,0,0,1,0,1,3205747.0
290,2,4,2,5,1989,Meknes,0,1,0,0,0,0,1,1,0,2319295.0
132,2,1,1,7,2015,Tanger,0,1,0,1,1,0,0,0,0,1690235.0
264,2,3,1,3,2024,El Jadida,0,0,1,0,1,0,0,0,0,2570138.0
373,6,4,2,8,1980,El Jadida,0,1,0,1,0,0,0,1,0,3781080.0
357,6,2,1,6,2019,Oujda,1,0,1,0,1,0,0,0,0,2712300.0
86,3,2,1,4,2013,Oujda,0,0,1,0,1,0,0,0,1,1128203.0
136,1,1,2,7,1993,Casablanca,1,1,1,0,0,1,1,0,0,2167894.0
382,2,4,2,9,1982,Marrakech,1,0,1,1,1,0,0,0,1,4019877.0
341,4,3,2,4,1990,Meknes,0,0,0,1,1,0,0,0,0,2527453.0
282,4,2,1,2,2012,Fes,1,1,0,0,1,0,0,0,1,2649665.0
103,1,2,1,6,2002,Tanger,1,0,0,1,0,0,0,1,0,1380391.0
350,2,2,1,1,2019,Marrakech,0,0,0,1,1,1,0,0,1,3636762.0
309,4,2,1,3,2003,Casablanca,0,0,1,0,1,0,0,0,0,4352275.0
169,1,1,2,6,1988,Agadir,0,0,0,1,0,0,0,0,0,1405220.0
309,3,1,2,2,1980,Marrakech,0,1,0,1,1,1,0,0,1,3183931.0
101,6,2,1,9,2009,Tanger,1,1,0,0,1,0,0,0,0,1666109.0
358,5,2,2,0,1984,Marrakech,0,0,1,1,1,0,0,0,0,3497961.0
204,1,1,1,5,2010,Rabat,1,1,0,1,1,0,1,0,0,2997999.0
136,1,3,1,3,2003,Oujda,1,1,1,0,1,0,0,0,0,1271903.0
50,6,1,1,8,2017,El Jadida,0,0,1,0,1,0,0,1,0,1017326.0
123,4,1,2,1,1989,Oujda,0,0,0,0,1,1,1,0,0,1049118.0
365,3,2,1,9,2017,Tanger,0,0,0,1,1,1,1,0,1,3990564.0
63,6,3,1,0,1982,Rabat,0,1,1,1,1,1,0,0,1,1311303.0
285,2,1,1,4,1991,Meknes,0,0,1,1,1,1,0,0,0,2117372.0
199,2,3,1,1,1992,Oujda,0,0,1,0,0,1,0,0,1,1427640.0
166,5,1,2,9,2007,Casablanca,0,0,1,0,1,0,1,1,0,2724661.0
230,5,1,2,4,1998,Oujda,0,0,0,0,1,0,0,1,0,1738770.0
135,2,3,2,6,2011,Fes,0,1,1,0,1,0,0,1,1,1589881.0
115,1,4,1,6,2022,Meknes,0,1,1,0,1,1,1,1,1,1493370.0
353,3,4,1,9,1984,Fes,1,1,1,1,1,0,0,0,1,3149867.0
157,1,4,2,8,2024,Fes,0,0,0,0,1,0,1,0,0,1513217.0
223,5,4,2,2,2006,Casablanca,1,1,1,0,0,1,1,1,0,3776870.0
298,5,3,2,3,2017,Rabat,0,0,1,0,1,1,1,0,1,4281246.0
379,6,2,1,6,1984,Fes,0,1,1,1,1,0,0,0,1,3316278.0
133,3,2,2,8,1987,Meknes,0,0,0,0,1,1,0,0,0,1134271.0
266,2,2,2,0,2011,Oujda,0,0,0,0,0,0,0,0,0,1750285.0
330,4,3,1,0,1994,Tanger,0,1,1,0,1,0,1,0,0,3551491.0
155,2,3,1,7,1994,Meknes,0,1,0,1,1,0,0,0,0,1375234.0
315,5,1,1,9,2018,El Jadida,0,0,0,1,1,0,0,0,0,3099290.0
236,3,1,2,6,2013,Marrakech,0,0,1,1,1,0,0,1,0,2594098.0
360,2,3,1,0,2011,Oujda,1,1,1,1,0,0,1,0,1,2807015.0
175,4,4,1,8,2019,Casablanca,1,1,1,1,1,1,1,0,0,3154370.0
295,5,2,2,1,1991,Fes,0,0,1,1,1,0,0,1,1,2601531.0
144,1,4,1,0,2023,Tanger,0,1,0,0,1,1,1,0,0,1844481.0
110,4,3,2,2,1984,Fes,0,1,1,0,0,0,0,1,0,1141517.0
71,1,4,2,3,2018,Casablanca,0,0,1,1,1,0,0,0,1,1437950.0
50,6,2,1,9,1997,Meknes,0,1,1,1,0,0,0,0,0,799374.0
183,3,2,2,1,2011,El Jadida,0,0,1,0,1,0,1,1,1,2176637.0
61,3,2,2,6,1981,Marrakech,1,0,1,0,1,0,0,0,0,875229.0
345,2,3,1,9,1988,El Jadida,0,1,1,1,1,0,1,1,1,3559653.0
164,3,1,2,2,1997,Oujda,0,0,0,1,1,1,0,0,0,1203796.0
382,6,2,1,6,1996,Meknes,1,1,1,1,1,0,0,0,1,3380034.0
311,3,1,2,6,2014,Marrakech,0,1,1,0,0,0,0,1,0,3196834.0
341,6,1,1,4,2021,Agadir,1,1,0,1,0,0,1,0,0,3501233.0
351,3,4,2,5,2000,El Jadida,0,0,1,0,1,0,0,0,0,3296520.0
313,1,3,2,9,2024,Fes,1,0,0,0,1,1,0,0,1,2803679.0
226,1,1,2,5,2019,Oujda,0,1,0,0,1,1,1,0,1,1944322.0
180,6,4,2,3,1992,Oujda,0,1,1,1,1,1,0,0,0,1629539.0
108,5,4,1,9,1980,Marrakech,1,1,0,0,1,1,0,0,0,1451904.0
376,1,2,2,0,2001,Agadir,0,1,1,0,1,1,0,1,0,3374713.0
142,5,4,1,7,1996,Tanger,1,0,1,1,1,0,0,0,0,1945840.0
99,2,3,2,0,2009,El Jadida,0,1,1,1,1,0,0,1,1,1548506.0
258,1,2,1,8,2015,Rabat,0,1,1,0,1,0,0,1,0,3545023.0
53,5,3,2,5,1980,Tanger,1,1,0,0,0,0,0,0,0,930869.0
231,6,4,1,6,2023,Oujda,0,0,1,0,0,0,1,1,0,2145959.0
75,2,1,1,3,2022,Oujda,1,0,0,0,0,0,1,0,0,935535.0
216,4,4,2,9,1985,Casablanca,0,1,1,0,1,0,0,1,0,3479518.0
196,4,4,1,7,2006,Marrakech,0,1,0,0,1,0,0,1,0,2332605.0
185,6,2,1,5,2009,Agadir,0,1,1,1,1,0,0,0,0,2057733.0
68,2,2,1,6,2012,Rabat,0,0,0,1,1,1,0,0,1,1262202.0
170,5,3,1,0,2012,Tanger,0,1,0,1,1,1,0,0,1,2314662.0
80,4,2,1,5,2011,El Jadida,0,1,0,0,1,0,1,0,1,1288067.0
154,1,1,1,7,2006,Marrakech,1,1,1,1,0,0,1,0,0,1831201.0
170,4,3,2,1,2003,El Jadida,0,1,0,0,1,0,0,1,0,1961714.0
248,5,4,1,7,1996,Meknes,1,1,1,0,1,0,0,1,1,2580322.0
88,5,4,2,2,1991,Casablanca,0,0,1,1,1,0,0,0,0,1615460.0
158,5,1,2,5,2012,Agadir,0,0,1,0,1,1,1,0,1,1841423.0
281,2,2,2,4,1981,Casablanca,1,0,1,0,1,0,0,1,0,3945614.0
69,2,4,1,5,2001,Oujda,0,0,1,1,1,0,0,0,0,786984.0
167,6,2,2,0,1998,Casablanca,0,0,1,1,1,0,0,0,0,2649012.0
172,6,4,2,1,2018,Rabat,0,1,1,0,1,0,1,1,0,2835532.0
339,2,2,2,6,1999,Oujda,0,0,1,0,0,0,1,1,0,2398583.0
65,6,3,1,5,2024,Tanger,1,1,1,1,1,0,0,0,1,1603813.0
366,6,3,1,4,2015,El Jadida,1,0,1,1,1,1,1,0,1,4101575.0
257,6,1,2,4,2024,Tanger,0,0,1,1,1,0,0,1,1,3212692.0
74,5,4,1,3,1987,Meknes,0,0,1,0,1,0,0,0,1,913688.0
132,2,2,1,6,1980,Oujda,0,1,0,0,1,0,1,0,0,946053.0
350,5,3,2,2,2005,Oujda,1,0,0,0,0,1,0,1,0,2757347.0
318,3,1,2,2,2021,Agadir,0,1,0,0,1,0,0,0,0,3032573.0
53,4,4,2,8,2019,Oujda,0,0,0,0,1,1,1,0,0,880385.0
295,1,4,1,6,2003,El Jadida,0,0,0,0,1,0,1,0,0,2891957.0
121,2,3,2,3,2015,Rabat,1,1,1,0,1,0,0,0,1,2152056.0
145,5,2,1,4,2003,Meknes,1,1,0,0,1,1,1,0,0,1534912.0
83,3,3,2,6,1987,Agadir,0,0,0,1,0,1,0,1,0,1020717.0
304,6,1,1,3,1981,El Jadida,0,1,0,0,1,0,0,0,1,3050149.0
81,3,2,1,2,2001,Rabat,0,0,0,0,1,1,0,0,1,1339077.0
298,3,2,2,0,1989,Casablanca,0,0,0,0,1,0,0,1,0,4065654.0
295,1,3,1,0,2023,Tanger,0,1,1,1,0,0,0,0,0,3130759.0
227,1,4,2,1,2003,Meknes,0,1,0,1,1,0,1,0,0,1920480.0
55,6,1,1,9,1996,Fes,0,0,1,1,1,1,0,0,0,924597.0
374,5,4,1,4,1993,El Jadida,0,1,1,1,1,0,0,0,0,3733954.0
194,2,3,1,0,1982,Tanger,1,1,1,0,1,0,0,0,0,2191783.0
352,5,4,1,3,2000,Marrakech,0,0,1,0,1,0,0,1,0,3672872.0
178,5,3,1,6,1982,Tanger,0,1,1,0,0,1,0,0,1,2218038.0
332,6,1,2,1,2002,Tanger,0,1,1,1,0,0,0,0,1,3647024.0
261,4,1,1,9,2001,Oujda,1,1,1,1,1,0,0,1,0,2259182.0
372,6,2,1,2,1989,Rabat,0,0,0,0,1,0,1,0,0,4899857.0
56,4,1,1,5,2010,Oujda,0,1,1,0,0,0,0,0,1,794105.0
393,4,4,1,4,1982,El Jadida,0,1,1,0,1,0,0,0,0,3636683.0
385,4,4,2,8,1994,Oujda,0,1,1,1,1,0,0,0,0,2896618.0
360,4,2,2,1,1980,Fes,0,0,1,0,1,1,0,0,0,2814573.0
369,6,4,1,8,1989,Fes,0,0,1,0,1,0,0,0,0,3063350.0
182,6,1,2,6,2023,El Jadida,0,1,1,0,0,0,0,0,0,2145732.0
108,5,2,2,9,1987,El Jadida,0,1,0,1,0,1,0,0,1,1519236.0
126,3,1,2,5,2017,Meknes,1,1,1,1,1,0,0,0,0,1448861.0
51,6,3,1,6,1980,Oujda,1,0,1,0,0,1,0,1,1,952170.0
336,2,3,2,6,2019,Fes,0,1,1,0,1,0,0,0,0,2941104.0
257,2,3,2,3,1989,Agadir,1,1,0,0,1,0,0,1,0,2507977.0
335,5,4,1,8,1998,Agadir,0,1,1,0,0,0,0,0,1,3200605.0
392,1,3,2,4,1980,Meknes,0,1,1,1,0,0,0,0,0,2706117.0
380,4,1,2,7,2019,Agadir,0,0,1,0,0,0,0,0,0,3358273.0
109,3,4,1,8,2005,Meknes,0,1,0,1,1,0,0,0,0,1208125.0
290,2,4,2,3,2010,Marrakech,0,1,0,1,1,1,0,0,1,3186350.0
99,5,4,2,5,2002,Fes,1,1,1,1,0,0,1,1,0,1596983.0
117,2,2,2,5,1994,Oujda,0,0,0,1,0,0,1,1,0,1019801.0
187,5,4,1,3,1989,Meknes,0,1,0,1,1,0,1,1,1,1916764.0
195,4,3,1,9,1987,Meknes,0,1,0,0,0,1,0,1,0,1672675.0
204,4,2,2,9,2002,Rabat,0,0,0,1,1,1,1,0,0,2884346.0
101,4,1,2,5,2019,Oujda,0,1,1,1,1,1,0,0,0,1060892.0
201,1,2,1,7,1984,Marrakech,0,0,0,1,1,0,0,0,0,1870567.0
359,6,1,1,5,1993,Rabat,0,0,1,1,1,0,0,0,0,4639466.0
162,4,2,1,0,1986,El Jadida,0,0,0,0,1,0,0,1,1,1720617.0
317,2,2,2,1,2020,Fes,0,0,1,0,0,0,0,0,1,2649826.0
200,4,2,1,1,2021,Casablanca,0,1,0,0,1,0,0,0,1,3112033.0
351,6,2,1,1,2019,Oujda,0,1,0,1,1,0,0,0,0,2666771.0
356,2,1,2,5,1982,Casablanca,0,1,1,0,1,0,0,1,0,4875006.0
328,3,2,2,3,1992,El Jadida,0,1,1,1,1,0,0,0,1,3337182.0
291,3,4,1,6,2005,Oujda,1,0,0,1,0,0,0,0,0,2251746.0
162,5,4,1,5,1983,Marrakech,0,0,0,0,1,0,1,0,0,1850011.0
296,1,1,2,8,2021,Rabat,0,0,1,0,1,0,0,1,0,3913078.0
128,5,3,1,7,2021,Meknes,0,1,0,0,1,0,0,0,1,1581874.0
244,5,3,2,0,1995,Rabat,0,0,1,0,0,1,1,0,1,3384403.0
323,3,4,2,9,2016,Casablanca,0,0,1,0,1,0,1,0,0,4822587.0
323,1,4,2,8,1996,Oujda,1,0,0,1,1,0,1,0,0,2457577.0
190,4,4,2,9,2006,Tanger,0,0,1,0,1,0,0,0,0,2354686.0
61,4,4,2,6,1980,Fes,0,1,0,0,1,0,1,1,1,1037960.0
306,5,2,1,1,1984,Meknes,0,0,0,1,0,0,0,0,0,2151953.0
187,6,4,1,7,2000,Casablanca,0,1,1,0,1,0,0,0,1,3183794.0
247,6,4,2,7,2018,Fes,0,0,0,1,0,0,0,1,0,2374727.0
383,5,3,2,0,1997,El Jadida,0,0,1,0,1,0,0,1,0,3645026.0
166,1,4,2,1,1985,Meknes,1,0,1,0,0,0,1,1,1,1593223.0
378,6,1,2,8,1986,Fes,0,1,0,1,1,0,1,0,1,3204895.0
373,2,2,1,1,2013,Oujda,0,0,1,1,0,1,1,1,0,2723901.0
277,3,4,2,2,1991,El Jadida,0,1,1,0,0,1,0,0,0,2751233.0
280,2,2,1,5,1995,Marrakech,1,0,1,0,1,0,0,1,0,3012783.0
128,6,1,1,6,2016,Casablanca,1,0,1,0,1,0,0,0,0,2282329.0
248,1,2,1,7,1999,Agadir,0,1,0,0,1,0,0,0,1,2370990.0
159,2,4,2,1,1981,Tanger,1,0,1,1,1,1,0,0,0,1940548.0
218,4,2,2,2,1983,Agadir,0,1,0,0,1,0,1,0,0,2003054.0
340,1,3,2,7,2024,Casablanca,0,0,0,0,0,0,0,1,1,4923842.0
172,2,4,2,5,2005,Meknes,0,1,1,1,0,0,1,1,1,1865737.0
261,5,3,2,9,2022,Casablanca,0,0,1,0,1,0,0,0,0,4025576.0
385,3,2,1,7,2007,Casablanca,1,0,1,0,1,0,0,0,0,5449907.0
231,5,4,2,9,2021,Oujda,0,0,1,1,0,0,0,0,0,2006328.0
221,6,2,2,9,2007,Rabat,0,1,1,0,0,0,0,0,1,3311504.0
160,2,3,1,0,2007,Tanger,0,0,1,0,1,0,0,0,0,1757195.0
246,4,1,1,5,2002,Marrakech,0,1,0,0,1,0,1,0,0,2561191.0
241,3,3,2,1,2006,Marrakech,1,1,0,1,1,0,0,0,0,2692389.0
175,6,2,1,7,2004,Fes,0,0,0,0,1,0,0,1,0,1715938.0
318,1,3,2,6,2021,Marrakech,0,1,0,1,1,0,0,0,0,3286641.0
91,2,2,2,0,1995,Tanger,0,0,0,0,1,0,0,0,0,1022114.0
227,2,3,2,0,2006,Fes,0,1,1,0,1,0,1,1,1,2082454.0
152,1,1,1,8,2016,Fes,0,0,1,0,0,0,1,0,1,1468363.0
163,2,2,1,4,2004,Meknes,1,1,1,1,0,0,0,0,1,1576598.0
225,3,2,2,2,2009,Rabat,0,1,0,1,1,0,0,0,0,3097956.0
236,6,3,2,6,2015,Agadir,0,1,0,0,1,0,0,0,0,2458198.0
170,3,4,2,2,1994,El Jadida,0,1,1,1,1,0,0,1,1,2097412.0
262,3,1,1,3,2012,Meknes,0,0,1,0,0,0,0,1,0,1995134.0
270,5,2,2,5,2019,Rabat,0,0,0,0,1,0,0,0,0,3536334.0
205,5,2,2,0,2017,Rabat,1,1,1,1,1,0,0,0,1,3211718.0
161,2,4,2,8,2023,Rabat,1,0,0,0,1,0,0,0,1,2659547.0
222,4,1,1,8,1984,Casablanca,0,1,1,0,1,1,0,0,0,3309109.0
353,5,4,2,5,1993,Meknes,0,0,1,0,1,1,0,0,0,2735067.0
318,6,1,2,6,1987,Agadir,0,1,0,0,1,1,0,1,0,3045707.0
324,5,1,1,8,2021,Oujda,0,1,0,0,1,0,1,0,0,2504482.0
195,1,3,2,9,2001,Rabat,0,1,0,1,1,1,0,0,0,2780791.0
184,3,3,1,7,1993,Agadir,0,0,1,1,1,1,0,1,0,1902757.0
369,6,2,1,2,2006,Oujda,0,1,1,1,0,0,0,0,0,2647618.0
178,5,2,1,9,1988,Tanger,0,0,0,0,1,0,1,0,0,2241930.0
162,6,3,2,0,2021,Oujda,0,0,0,1,1,0,0,0,0,1439397.0
150,1,1,2,9,2004,Tanger,0,0,1,0,1,0,0,0,1,1773142.0
184,6,1,2,4,2004,Marrakech,0,0,0,0,1,0,0,0,0,1927913.0
360,1,2,2,7,2023,Oujda,0,0,1,0,1,0,0,0,0,2424815.0
260,6,2,2,5,2008,Tanger,0,1,1,1,0,0,0,1,0,3118276.0
316,4,1,2,7,1980,El Jadida,0,1,1,0,1,0,0,1,1,3130335.0
198,4,3,2,4,2015,Rabat,1,0,1,0,1,0,1,1,1,3266071.0
340,5,3,1,3,2002,Casablanca,0,1,1,1,1,0,0,1,1,5126507.0
385,6,4,2,5,2003,Oujda,0,1,0,0,1,0,0,0,1,3020934.0
